index,e,n,u
1,617.268855,-725.685481,0.0
