index,e,n,u
1,614.796504,-723.697810,0.0
