index,e,n,u
1,771.645992,-825.783016,0.0
