index,e,n,u
1,773.944942,-827.570125,0.0
